dni_paciente , telefono , celular , direccion , mail
18902837 , +54(801)04193744 , +54(176)68420326 , Nebraska , MelodieMercier1@nowhere.com
23302836 , +54(117)70426137 , +54(426)84659920 , Washington , Telma_Yost@example.com
28666555 , +54(316)12652502 , +54(706)03672031 , Minnesota , keim6871@example.com
23302838 , +54(798)49334449 , +54(121)30446589 , Alaska , Swan@example.com
23302832 , +54(330)72226291 , +54(463)59627561 , Michigan , Heck376@nowhere.com
43963879 , +54(972)36593839 , +54(895)65041871 , South Dakota , NathanaelUrban@example.com
28666559 , +54(643)20938994 , +54(837)75707612 , Maryland , Mcqueen552@nowhere.com
48363884 , +54(281)58280388 , +54(694)00544404 , Georgia , MyersK@nowhere.com
38852819 , +54(378)28430717 , +54(253)47313679 , Wyoming , Sutter@example.com
18902830 , +54(621)15404336 , +54(905)01415666 , North Carolina , Doyle.MJaynes663@example.com
24266553 , +54(525)65063831 , +54(119)35403112 , New Mexico , KassandraSchneider@example.com
28666552 , +54(116)49070021 , +54(211)51829505 , Arkansas , Mitchell@example.com
34452826 , +54(059)67107347 , +54(775)31960527 , Idaho , Antonio55@example.com
24266560 , +54(923)11131337 , +54(370)00809554 , Vermont , Warren.Garber@example.com
43963883 , +54(745)67903213 , +54(198)80849649 , Missouri , SherellSteward852@example.com
18902831 , +54(344)47402960 , +54(413)65200488 , Mississippi , Yazzie4@example.com
48363879 , +54(979)57132847 , +54(312)92467666 , Rhode Island , deirzypu.qbgm@example.com
43963885 , +54(869)66083016 , +54(807)67162282 , Hawaii , CarmeliaLittleton374@example.com
38852827 , +54(990)07947352 , +54(964)57494174 , Texas , Siler@nowhere.com
48363877 , +54(811)95248734 , +54(977)60871880 , Montana , Kroll@example.com
14642583 , +54(906)63558824 , +54(961)63641517 , Delaware , NenaWeldon@example.com
23302829 , +54(567)73015988 , +54(690)48878433 , Oklahoma , Pike11@nowhere.com
18902832 , +54(711)39221514 , +54(565)90596575 , Vermont , LewisMuncy48@nowhere.com
18902839 , +54(545)16694194 , +54(451)54208108 , New Jersey , Hutchings@example.com
34452827 , +54(537)19834683 , +54(041)98313289 , North Dakota , AliSwan@example.com
48363881 , +54(956)25738365 , +54(909)87640930 , New Jersey , Elvis_Dobbins4@example.com
28666561 , +54(587)07818612 , +54(823)28633835 , South Carolina , Weeks@nowhere.com
28666553 , +54(697)89532605 , +54(663)63902013 , Massachusetts , gqmbf986@example.com
24266558 , +54(117)78800835 , +54(916)86713207 , Kansas , Davis@example.com
14642588 , +54(896)48891297 , +54(941)12609611 , Alabama , kkit3096@example.com
34452819 , +54(681)85903489 , +54(107)01668351 , Connecticut , Raymon.Curry5@example.com
28666554 , +54(619)52931296 , +54(402)50031802 , Alabama , Bob_Poindexter466@nowhere.com
38852827 , +54(505)06242221 , +54(815)31771148 , Arkansas , Curtis642@example.com
18902838 , +54(148)88180260 , +54(754)14065272 , South Carolina , MaupinT597@nowhere.com
10242590 , +54(925)92661359 , +54(992)22710498 , Wyoming , Levy@example.com
14642587 , +54(310)44835376 , +54(555)46487771 , North Dakota , MatthewB@example.com
48363884 , +54(210)68001039 , +54(558)78950842 , South Dakota , ksptmszw_acpr@nowhere.com
34452828 , +54(924)44231968 , +54(096)74534246 , Colorado , SandeeVillareal@example.com
10242585 , +54(282)86303641 , +54(054)87147146 , Wisconsin , Silverman@example.com
24266552 , +54(820)71009977 , +54(879)07089845 , Oregon , DaciaCollier28@example.com
24266554 , +54(481)34818671 , +54(177)64510277 , California , PansyRhoads@nowhere.com
24266560 , +54(014)25024553 , +54(963)14011474 , Kentucky , Ludie_B_Hillman@example.com
14642589 , +54(844)75218830 , +54(091)01837402 , Missouri , Quigley@nowhere.com
14642590 , +54(467)75543270 , +54(037)03200142 , Delaware , Inger_Nash3@example.com
38852824 , +54(410)69530568 , +54(259)60336968 , Missouri , Morton@example.com
43963881 , +54(845)84012821 , +54(752)34900745 , Alabama , Roxane.Morehead415@example.com
34452823 , +54(396)40528927 , +54(277)61009281 , Virginia , LianaM.Vest@example.com
28666561 , +54(621)84695323 , +54(020)70174981 , Indiana , Sierra@example.com
48363878 , +54(320)51640123 , +54(311)75840363 , Oklahoma , WhitmoreB442@example.com
23302837 , +54(270)54864536 , +54(242)26557874 , Indiana , Felix.LLindsey224@example.com
24266560 , +54(008)92372909 , +54(608)81232018 , Ohio , Fultz@nowhere.com
23302835 , +54(480)56628849 , +54(808)43728925 , Alaska , Mccormack7@example.com
18902838 , +54(796)28270677 , +54(695)13857146 , Kansas , Renfro199@example.com
14642582 , +54(382)09199525 , +54(066)27951199 , Connecticut , Hoyle@example.com
24266560 , +54(485)67827364 , +54(608)18261914 , Oklahoma , rcfweuf724@example.com
38852824 , +54(129)97812273 , +54(613)70948747 , Vermont , Jerilyn_S.Reeves@nowhere.com
10242586 , +54(528)91188581 , +54(336)47725383 , New Mexico , Woodworth@nowhere.com
28666555 , +54(227)87851826 , +54(557)68515387 , Ohio , DarronWhittington8@example.com
38852822 , +54(854)45421739 , +54(429)10671926 , Oklahoma , Dees@nowhere.com
24266559 , +54(839)25798022 , +54(336)75012295 , Utah , South525@example.com
48363876 , +54(446)85119726 , +54(221)19935438 , Oregon , Hanson@example.com
34452828 , +54(928)86405669 , +54(448)47194612 , Alabama , DonnellHughes@example.com
48363881 , +54(219)83941740 , +54(284)24105330 , Tennessee , Fisher@nowhere.com
24266556 , +54(260)85871313 , +54(103)05220249 , Florida , Fielder@example.com
48363882 , +54(651)01097117 , +54(815)55058792 , Wyoming , Harland.Peterman@nowhere.com
34452825 , +54(565)67044791 , +54(958)74866421 , Florida , KatiTejada@example.com
14642590 , +54(671)89196269 , +54(281)88497547 , Minnesota , JewelGaddy117@example.com
43963883 , +54(322)21066248 , +54(052)24162522 , Alaska , Tuck86@example.com
38852821 , +54(045)16451284 , +54(828)72588267 , Tennessee , Finch715@example.com
38852827 , +54(819)65357059 , +54(717)26881739 , Georgia , ngvevcav_zdtubukbjg@nowhere.com
28666557 , +54(005)75396259 , +54(146)99594253 , Maryland , Nubia.QBarker1@example.com
18902833 , +54(608)69081600 , +54(515)48214169 , Illinois , NormandDew@example.com
23302830 , +54(892)57521723 , +54(833)61113847 , Mississippi , Robinette@nowhere.com
34452828 , +54(593)65405396 , +54(786)65508948 , Washington , onsye7033@example.com
10242588 , +54(132)04214439 , +54(698)07930606 , Arizona , Samuel.Redmond856@example.com
18902837 , +54(978)81683314 , +54(822)79031266 , Maryland , Blossom.Greene@example.com
34452822 , +54(885)92679699 , +54(675)85001985 , Missouri , Witherspoon@example.com
48363878 , +54(479)70962417 , +54(385)29148111 , Iowa , GiovanniAltman@example.com
34452823 , +54(916)29568709 , +54(533)32502425 , California , Goldstein@example.com
23302833 , +54(977)72875214 , +54(797)34254692 , Wisconsin , YevetteKrueger@nowhere.com
23302833 , +54(864)13696166 , +54(131)09461588 , Kentucky , Gustafson@example.com
48363879 , +54(144)24045696 , +54(826)28617339 , Nevada , Darin_Bassett795@nowhere.com
34452825 , +54(602)98842617 , +54(709)13841580 , Louisiana , Mitch_Melendez@example.com
48363878 , +54(851)00656673 , +54(013)69668768 , Connecticut , Lyle_SCombs31@nowhere.com
10242584 , +54(898)95394620 , +54(508)77431604 , Illinois , Randolph@example.com
10242590 , +54(968)10704817 , +54(008)29698093 , Minnesota , Thorton@example.com
43963880 , +54(745)39482210 , +54(413)68408400 , Kansas , RebeccaTijerina@example.com
24266556 , +54(575)59895488 , +54(756)95852285 , Delaware , Rice@example.com
24266558 , +54(978)54222802 , +54(738)14433249 , New Mexico , NereidaLMontano@nowhere.com
24266555 , +54(027)33020039 , +54(519)13394935 , Delaware , Delgadillo465@example.com
18902831 , +54(896)77899189 , +54(999)69341330 , Hawaii , Gordon@example.com
10242588 , +54(979)38277767 , +54(742)23060584 , Alaska , MonroeDuong157@example.com
43963881 , +54(418)48978108 , +54(032)17144421 , New York , nzufvjgh_wvgut@example.com
14642590 , +54(427)35711289 , +54(022)41930396 , Connecticut , Crenshaw@example.com
48363878 , +54(400)14664835 , +54(635)57616830 , Michigan , WestonLash@example.com
34452826 , +54(982)64761864 , +54(187)31861560 , Virginia , LakeshaDoll@example.com
23302837 , +54(907)01853802 , +54(678)10652733 , Nevada , FabianVetter@example.com
43963880 , +54(347)83033750 , +54(969)88812453 , New York , Sherwood_Wood@nowhere.com
28666561 , +54(707)91773107 , +54(269)01938665 , California , Brendan.Browder7@example.com
23302832 , +54(451)50514793 , +54(436)34581954 , New York , Burr7@example.com
